ts_ns,symbol,bid,ask,bidSz,askSz
1755283514890979840,XYZ,100.0000,100.0100,100,100
1755283514891079840,XYZ,100.0050,100.0150,100,100
1755283514891179840,XYZ,100.0100,100.0200,100,100
1755283514891279840,XYZ,100.0150,100.0250,100,100
1755283514891379840,XYZ,100.0200,100.0300,100,100
1755283514891479840,XYZ,100.0250,100.0350,100,100
1755283514891579840,XYZ,100.0300,100.0400,100,100
1755283514891679840,XYZ,100.0350,100.0450,100,100
1755283514891779840,XYZ,100.0400,100.0500,100,100
1755283514891879840,XYZ,100.0450,100.0550,100,100
1755283514891979840,XYZ,100.0500,100.0600,100,100
1755283514892079840,XYZ,100.0550,100.0650,100,100
1755283514892179840,XYZ,100.0600,100.0700,100,100
1755283514892279840,XYZ,100.0650,100.0750,100,100
1755283514892379840,XYZ,100.0700,100.0800,100,100
1755283514892479840,XYZ,100.0750,100.0850,100,100
1755283514892579840,XYZ,100.0800,100.0900,100,100
1755283514892679840,XYZ,100.0850,100.0950,100,100
1755283514892779840,XYZ,100.0900,100.1000,100,100
1755283514892879840,XYZ,100.0950,100.1050,100,100
1755283514892979840,XYZ,100.0000,100.0100,100,100
1755283514893079840,XYZ,100.0050,100.0150,100,100
1755283514893179840,XYZ,100.0100,100.0200,100,100
1755283514893279840,XYZ,100.0150,100.0250,100,100
1755283514893379840,XYZ,100.0200,100.0300,100,100
1755283514893479840,XYZ,100.0250,100.0350,100,100
1755283514893579840,XYZ,100.0300,100.0400,100,100
1755283514893679840,XYZ,100.0350,100.0450,100,100
1755283514893779840,XYZ,100.0400,100.0500,100,100
1755283514893879840,XYZ,100.0450,100.0550,100,100
1755283514893979840,XYZ,100.0500,100.0600,100,100
1755283514894079840,XYZ,100.0550,100.0650,100,100
1755283514894179840,XYZ,100.0600,100.0700,100,100
1755283514894279840,XYZ,100.0650,100.0750,100,100
1755283514894379840,XYZ,100.0700,100.0800,100,100
1755283514894479840,XYZ,100.0750,100.0850,100,100
1755283514894579840,XYZ,100.0800,100.0900,100,100
1755283514894679840,XYZ,100.0850,100.0950,100,100
1755283514894779840,XYZ,100.0900,100.1000,100,100
1755283514894879840,XYZ,100.0950,100.1050,100,100
1755283514894979840,XYZ,100.0000,100.0100,100,100
1755283514895079840,XYZ,100.0050,100.0150,100,100
1755283514895179840,XYZ,100.0100,100.0200,100,100
1755283514895279840,XYZ,100.0150,100.0250,100,100
1755283514895379840,XYZ,100.0200,100.0300,100,100
1755283514895479840,XYZ,100.0250,100.0350,100,100
1755283514895579840,XYZ,100.0300,100.0400,100,100
1755283514895679840,XYZ,100.0350,100.0450,100,100
1755283514895779840,XYZ,100.0400,100.0500,100,100
1755283514895879840,XYZ,100.0450,100.0550,100,100
1755283514895979840,XYZ,100.0500,100.0600,100,100
1755283514896079840,XYZ,100.0550,100.0650,100,100
1755283514896179840,XYZ,100.0600,100.0700,100,100
1755283514896279840,XYZ,100.0650,100.0750,100,100
1755283514896379840,XYZ,100.0700,100.0800,100,100
1755283514896479840,XYZ,100.0750,100.0850,100,100
1755283514896579840,XYZ,100.0800,100.0900,100,100
1755283514896679840,XYZ,100.0850,100.0950,100,100
1755283514896779840,XYZ,100.0900,100.1000,100,100
1755283514896879840,XYZ,100.0950,100.1050,100,100
1755283514896979840,XYZ,100.0000,100.0100,100,100
1755283514897079840,XYZ,100.0050,100.0150,100,100
1755283514897179840,XYZ,100.0100,100.0200,100,100
1755283514897279840,XYZ,100.0150,100.0250,100,100
1755283514897379840,XYZ,100.0200,100.0300,100,100
1755283514897479840,XYZ,100.0250,100.0350,100,100
1755283514897579840,XYZ,100.0300,100.0400,100,100
1755283514897679840,XYZ,100.0350,100.0450,100,100
1755283514897779840,XYZ,100.0400,100.0500,100,100
1755283514897879840,XYZ,100.0450,100.0550,100,100
1755283514897979840,XYZ,100.0500,100.0600,100,100
1755283514898079840,XYZ,100.0550,100.0650,100,100
1755283514898179840,XYZ,100.0600,100.0700,100,100
1755283514898279840,XYZ,100.0650,100.0750,100,100
1755283514898379840,XYZ,100.0700,100.0800,100,100
1755283514898479840,XYZ,100.0750,100.0850,100,100
1755283514898579840,XYZ,100.0800,100.0900,100,100
1755283514898679840,XYZ,100.0850,100.0950,100,100
1755283514898779840,XYZ,100.0900,100.1000,100,100
1755283514898879840,XYZ,100.0950,100.1050,100,100
1755283514898979840,XYZ,100.0000,100.0100,100,100
1755283514899079840,XYZ,100.0050,100.0150,100,100
1755283514899179840,XYZ,100.0100,100.0200,100,100
1755283514899279840,XYZ,100.0150,100.0250,100,100
1755283514899379840,XYZ,100.0200,100.0300,100,100
1755283514899479840,XYZ,100.0250,100.0350,100,100
1755283514899579840,XYZ,100.0300,100.0400,100,100
1755283514899679840,XYZ,100.0350,100.0450,100,100
1755283514899779840,XYZ,100.0400,100.0500,100,100
1755283514899879840,XYZ,100.0450,100.0550,100,100
1755283514899979840,XYZ,100.0500,100.0600,100,100
1755283514900079840,XYZ,100.0550,100.0650,100,100
1755283514900179840,XYZ,100.0600,100.0700,100,100
1755283514900279840,XYZ,100.0650,100.0750,100,100
1755283514900379840,XYZ,100.0700,100.0800,100,100
1755283514900479840,XYZ,100.0750,100.0850,100,100
1755283514900579840,XYZ,100.0800,100.0900,100,100
1755283514900679840,XYZ,100.0850,100.0950,100,100
1755283514900779840,XYZ,100.0900,100.1000,100,100
1755283514900879840,XYZ,100.0950,100.1050,100,100
1755283514900979840,XYZ,100.0000,100.0100,100,100
1755283514901079840,XYZ,100.0050,100.0150,100,100
1755283514901179840,XYZ,100.0100,100.0200,100,100
1755283514901279840,XYZ,100.0150,100.0250,100,100
1755283514901379840,XYZ,100.0200,100.0300,100,100
1755283514901479840,XYZ,100.0250,100.0350,100,100
1755283514901579840,XYZ,100.0300,100.0400,100,100
1755283514901679840,XYZ,100.0350,100.0450,100,100
1755283514901779840,XYZ,100.0400,100.0500,100,100
1755283514901879840,XYZ,100.0450,100.0550,100,100
1755283514901979840,XYZ,100.0500,100.0600,100,100
1755283514902079840,XYZ,100.0550,100.0650,100,100
1755283514902179840,XYZ,100.0600,100.0700,100,100
1755283514902279840,XYZ,100.0650,100.0750,100,100
1755283514902379840,XYZ,100.0700,100.0800,100,100
1755283514902479840,XYZ,100.0750,100.0850,100,100
1755283514902579840,XYZ,100.0800,100.0900,100,100
1755283514902679840,XYZ,100.0850,100.0950,100,100
1755283514902779840,XYZ,100.0900,100.1000,100,100
1755283514902879840,XYZ,100.0950,100.1050,100,100
1755283514902979840,XYZ,100.0000,100.0100,100,100
1755283514903079840,XYZ,100.0050,100.0150,100,100
1755283514903179840,XYZ,100.0100,100.0200,100,100
1755283514903279840,XYZ,100.0150,100.0250,100,100
1755283514903379840,XYZ,100.0200,100.0300,100,100
1755283514903479840,XYZ,100.0250,100.0350,100,100
1755283514903579840,XYZ,100.0300,100.0400,100,100
1755283514903679840,XYZ,100.0350,100.0450,100,100
1755283514903779840,XYZ,100.0400,100.0500,100,100
1755283514903879840,XYZ,100.0450,100.0550,100,100
1755283514903979840,XYZ,100.0500,100.0600,100,100
1755283514904079840,XYZ,100.0550,100.0650,100,100
1755283514904179840,XYZ,100.0600,100.0700,100,100
1755283514904279840,XYZ,100.0650,100.0750,100,100
1755283514904379840,XYZ,100.0700,100.0800,100,100
1755283514904479840,XYZ,100.0750,100.0850,100,100
1755283514904579840,XYZ,100.0800,100.0900,100,100
1755283514904679840,XYZ,100.0850,100.0950,100,100
1755283514904779840,XYZ,100.0900,100.1000,100,100
1755283514904879840,XYZ,100.0950,100.1050,100,100
1755283514904979840,XYZ,100.0000,100.0100,100,100
1755283514905079840,XYZ,100.0050,100.0150,100,100
1755283514905179840,XYZ,100.0100,100.0200,100,100
1755283514905279840,XYZ,100.0150,100.0250,100,100
1755283514905379840,XYZ,100.0200,100.0300,100,100
1755283514905479840,XYZ,100.0250,100.0350,100,100
1755283514905579840,XYZ,100.0300,100.0400,100,100
1755283514905679840,XYZ,100.0350,100.0450,100,100
1755283514905779840,XYZ,100.0400,100.0500,100,100
1755283514905879840,XYZ,100.0450,100.0550,100,100
1755283514905979840,XYZ,100.0500,100.0600,100,100
1755283514906079840,XYZ,100.0550,100.0650,100,100
1755283514906179840,XYZ,100.0600,100.0700,100,100
1755283514906279840,XYZ,100.0650,100.0750,100,100
1755283514906379840,XYZ,100.0700,100.0800,100,100
1755283514906479840,XYZ,100.0750,100.0850,100,100
1755283514906579840,XYZ,100.0800,100.0900,100,100
1755283514906679840,XYZ,100.0850,100.0950,100,100
1755283514906779840,XYZ,100.0900,100.1000,100,100
1755283514906879840,XYZ,100.0950,100.1050,100,100
1755283514906979840,XYZ,100.0000,100.0100,100,100
1755283514907079840,XYZ,100.0050,100.0150,100,100
1755283514907179840,XYZ,100.0100,100.0200,100,100
1755283514907279840,XYZ,100.0150,100.0250,100,100
1755283514907379840,XYZ,100.0200,100.0300,100,100
1755283514907479840,XYZ,100.0250,100.0350,100,100
1755283514907579840,XYZ,100.0300,100.0400,100,100
1755283514907679840,XYZ,100.0350,100.0450,100,100
1755283514907779840,XYZ,100.0400,100.0500,100,100
1755283514907879840,XYZ,100.0450,100.0550,100,100
1755283514907979840,XYZ,100.0500,100.0600,100,100
1755283514908079840,XYZ,100.0550,100.0650,100,100
1755283514908179840,XYZ,100.0600,100.0700,100,100
1755283514908279840,XYZ,100.0650,100.0750,100,100
1755283514908379840,XYZ,100.0700,100.0800,100,100
1755283514908479840,XYZ,100.0750,100.0850,100,100
1755283514908579840,XYZ,100.0800,100.0900,100,100
1755283514908679840,XYZ,100.0850,100.0950,100,100
1755283514908779840,XYZ,100.0900,100.1000,100,100
1755283514908879840,XYZ,100.0950,100.1050,100,100
1755283514908979840,XYZ,100.0000,100.0100,100,100
1755283514909079840,XYZ,100.0050,100.0150,100,100
1755283514909179840,XYZ,100.0100,100.0200,100,100
1755283514909279840,XYZ,100.0150,100.0250,100,100
1755283514909379840,XYZ,100.0200,100.0300,100,100
1755283514909479840,XYZ,100.0250,100.0350,100,100
1755283514909579840,XYZ,100.0300,100.0400,100,100
1755283514909679840,XYZ,100.0350,100.0450,100,100
1755283514909779840,XYZ,100.0400,100.0500,100,100
1755283514909879840,XYZ,100.0450,100.0550,100,100
1755283514909979840,XYZ,100.0500,100.0600,100,100
1755283514910079840,XYZ,100.0550,100.0650,100,100
1755283514910179840,XYZ,100.0600,100.0700,100,100
1755283514910279840,XYZ,100.0650,100.0750,100,100
1755283514910379840,XYZ,100.0700,100.0800,100,100
1755283514910479840,XYZ,100.0750,100.0850,100,100
1755283514910579840,XYZ,100.0800,100.0900,100,100
1755283514910679840,XYZ,100.0850,100.0950,100,100
1755283514910779840,XYZ,100.0900,100.1000,100,100
1755283514910879840,XYZ,100.0950,100.1050,100,100
1755283514910979840,XYZ,100.0000,100.0100,100,100
1755283514911079840,XYZ,100.0050,100.0150,100,100
1755283514911179840,XYZ,100.0100,100.0200,100,100
1755283514911279840,XYZ,100.0150,100.0250,100,100
1755283514911379840,XYZ,100.0200,100.0300,100,100
1755283514911479840,XYZ,100.0250,100.0350,100,100
1755283514911579840,XYZ,100.0300,100.0400,100,100
1755283514911679840,XYZ,100.0350,100.0450,100,100
1755283514911779840,XYZ,100.0400,100.0500,100,100
1755283514911879840,XYZ,100.0450,100.0550,100,100
1755283514911979840,XYZ,100.0500,100.0600,100,100
1755283514912079840,XYZ,100.0550,100.0650,100,100
1755283514912179840,XYZ,100.0600,100.0700,100,100
1755283514912279840,XYZ,100.0650,100.0750,100,100
1755283514912379840,XYZ,100.0700,100.0800,100,100
1755283514912479840,XYZ,100.0750,100.0850,100,100
1755283514912579840,XYZ,100.0800,100.0900,100,100
1755283514912679840,XYZ,100.0850,100.0950,100,100
1755283514912779840,XYZ,100.0900,100.1000,100,100
1755283514912879840,XYZ,100.0950,100.1050,100,100
1755283514912979840,XYZ,100.0000,100.0100,100,100
1755283514913079840,XYZ,100.0050,100.0150,100,100
1755283514913179840,XYZ,100.0100,100.0200,100,100
1755283514913279840,XYZ,100.0150,100.0250,100,100
1755283514913379840,XYZ,100.0200,100.0300,100,100
1755283514913479840,XYZ,100.0250,100.0350,100,100
1755283514913579840,XYZ,100.0300,100.0400,100,100
1755283514913679840,XYZ,100.0350,100.0450,100,100
1755283514913779840,XYZ,100.0400,100.0500,100,100
1755283514913879840,XYZ,100.0450,100.0550,100,100
1755283514913979840,XYZ,100.0500,100.0600,100,100
1755283514914079840,XYZ,100.0550,100.0650,100,100
1755283514914179840,XYZ,100.0600,100.0700,100,100
1755283514914279840,XYZ,100.0650,100.0750,100,100
1755283514914379840,XYZ,100.0700,100.0800,100,100
1755283514914479840,XYZ,100.0750,100.0850,100,100
1755283514914579840,XYZ,100.0800,100.0900,100,100
1755283514914679840,XYZ,100.0850,100.0950,100,100
1755283514914779840,XYZ,100.0900,100.1000,100,100
1755283514914879840,XYZ,100.0950,100.1050,100,100
1755283514914979840,XYZ,100.0000,100.0100,100,100
1755283514915079840,XYZ,100.0050,100.0150,100,100
1755283514915179840,XYZ,100.0100,100.0200,100,100
1755283514915279840,XYZ,100.0150,100.0250,100,100
1755283514915379840,XYZ,100.0200,100.0300,100,100
1755283514915479840,XYZ,100.0250,100.0350,100,100
1755283514915579840,XYZ,100.0300,100.0400,100,100
1755283514915679840,XYZ,100.0350,100.0450,100,100
1755283514915779840,XYZ,100.0400,100.0500,100,100
1755283514915879840,XYZ,100.0450,100.0550,100,100
1755283514915979840,XYZ,100.0500,100.0600,100,100
1755283514916079840,XYZ,100.0550,100.0650,100,100
1755283514916179840,XYZ,100.0600,100.0700,100,100
1755283514916279840,XYZ,100.0650,100.0750,100,100
1755283514916379840,XYZ,100.0700,100.0800,100,100
1755283514916479840,XYZ,100.0750,100.0850,100,100
1755283514916579840,XYZ,100.0800,100.0900,100,100
1755283514916679840,XYZ,100.0850,100.0950,100,100
1755283514916779840,XYZ,100.0900,100.1000,100,100
1755283514916879840,XYZ,100.0950,100.1050,100,100
1755283514916979840,XYZ,100.0000,100.0100,100,100
1755283514917079840,XYZ,100.0050,100.0150,100,100
1755283514917179840,XYZ,100.0100,100.0200,100,100
1755283514917279840,XYZ,100.0150,100.0250,100,100
1755283514917379840,XYZ,100.0200,100.0300,100,100
1755283514917479840,XYZ,100.0250,100.0350,100,100
1755283514917579840,XYZ,100.0300,100.0400,100,100
1755283514917679840,XYZ,100.0350,100.0450,100,100
1755283514917779840,XYZ,100.0400,100.0500,100,100
1755283514917879840,XYZ,100.0450,100.0550,100,100
1755283514917979840,XYZ,100.0500,100.0600,100,100
1755283514918079840,XYZ,100.0550,100.0650,100,100
1755283514918179840,XYZ,100.0600,100.0700,100,100
1755283514918279840,XYZ,100.0650,100.0750,100,100
1755283514918379840,XYZ,100.0700,100.0800,100,100
1755283514918479840,XYZ,100.0750,100.0850,100,100
1755283514918579840,XYZ,100.0800,100.0900,100,100
1755283514918679840,XYZ,100.0850,100.0950,100,100
1755283514918779840,XYZ,100.0900,100.1000,100,100
1755283514918879840,XYZ,100.0950,100.1050,100,100
1755283514918979840,XYZ,100.0000,100.0100,100,100
1755283514919079840,XYZ,100.0050,100.0150,100,100
1755283514919179840,XYZ,100.0100,100.0200,100,100
1755283514919279840,XYZ,100.0150,100.0250,100,100
1755283514919379840,XYZ,100.0200,100.0300,100,100
1755283514919479840,XYZ,100.0250,100.0350,100,100
1755283514919579840,XYZ,100.0300,100.0400,100,100
1755283514919679840,XYZ,100.0350,100.0450,100,100
1755283514919779840,XYZ,100.0400,100.0500,100,100
1755283514919879840,XYZ,100.0450,100.0550,100,100
1755283514919979840,XYZ,100.0500,100.0600,100,100
1755283514920079840,XYZ,100.0550,100.0650,100,100
1755283514920179840,XYZ,100.0600,100.0700,100,100
1755283514920279840,XYZ,100.0650,100.0750,100,100
1755283514920379840,XYZ,100.0700,100.0800,100,100
1755283514920479840,XYZ,100.0750,100.0850,100,100
1755283514920579840,XYZ,100.0800,100.0900,100,100
1755283514920679840,XYZ,100.0850,100.0950,100,100
1755283514920779840,XYZ,100.0900,100.1000,100,100
1755283514920879840,XYZ,100.0950,100.1050,100,100
1755283514920979840,XYZ,100.0000,100.0100,100,100
1755283514921079840,XYZ,100.0050,100.0150,100,100
1755283514921179840,XYZ,100.0100,100.0200,100,100
1755283514921279840,XYZ,100.0150,100.0250,100,100
1755283514921379840,XYZ,100.0200,100.0300,100,100
1755283514921479840,XYZ,100.0250,100.0350,100,100
1755283514921579840,XYZ,100.0300,100.0400,100,100
1755283514921679840,XYZ,100.0350,100.0450,100,100
1755283514921779840,XYZ,100.0400,100.0500,100,100
1755283514921879840,XYZ,100.0450,100.0550,100,100
1755283514921979840,XYZ,100.0500,100.0600,100,100
1755283514922079840,XYZ,100.0550,100.0650,100,100
1755283514922179840,XYZ,100.0600,100.0700,100,100
1755283514922279840,XYZ,100.0650,100.0750,100,100
1755283514922379840,XYZ,100.0700,100.0800,100,100
1755283514922479840,XYZ,100.0750,100.0850,100,100
1755283514922579840,XYZ,100.0800,100.0900,100,100
1755283514922679840,XYZ,100.0850,100.0950,100,100
1755283514922779840,XYZ,100.0900,100.1000,100,100
1755283514922879840,XYZ,100.0950,100.1050,100,100
1755283514922979840,XYZ,100.0000,100.0100,100,100
1755283514923079840,XYZ,100.0050,100.0150,100,100
1755283514923179840,XYZ,100.0100,100.0200,100,100
1755283514923279840,XYZ,100.0150,100.0250,100,100
1755283514923379840,XYZ,100.0200,100.0300,100,100
1755283514923479840,XYZ,100.0250,100.0350,100,100
1755283514923579840,XYZ,100.0300,100.0400,100,100
1755283514923679840,XYZ,100.0350,100.0450,100,100
1755283514923779840,XYZ,100.0400,100.0500,100,100
1755283514923879840,XYZ,100.0450,100.0550,100,100
1755283514923979840,XYZ,100.0500,100.0600,100,100
1755283514924079840,XYZ,100.0550,100.0650,100,100
1755283514924179840,XYZ,100.0600,100.0700,100,100
1755283514924279840,XYZ,100.0650,100.0750,100,100
1755283514924379840,XYZ,100.0700,100.0800,100,100
1755283514924479840,XYZ,100.0750,100.0850,100,100
1755283514924579840,XYZ,100.0800,100.0900,100,100
1755283514924679840,XYZ,100.0850,100.0950,100,100
1755283514924779840,XYZ,100.0900,100.1000,100,100
1755283514924879840,XYZ,100.0950,100.1050,100,100
1755283514924979840,XYZ,100.0000,100.0100,100,100
1755283514925079840,XYZ,100.0050,100.0150,100,100
1755283514925179840,XYZ,100.0100,100.0200,100,100
1755283514925279840,XYZ,100.0150,100.0250,100,100
1755283514925379840,XYZ,100.0200,100.0300,100,100
1755283514925479840,XYZ,100.0250,100.0350,100,100
1755283514925579840,XYZ,100.0300,100.0400,100,100
1755283514925679840,XYZ,100.0350,100.0450,100,100
1755283514925779840,XYZ,100.0400,100.0500,100,100
1755283514925879840,XYZ,100.0450,100.0550,100,100
1755283514925979840,XYZ,100.0500,100.0600,100,100
1755283514926079840,XYZ,100.0550,100.0650,100,100
1755283514926179840,XYZ,100.0600,100.0700,100,100
1755283514926279840,XYZ,100.0650,100.0750,100,100
1755283514926379840,XYZ,100.0700,100.0800,100,100
1755283514926479840,XYZ,100.0750,100.0850,100,100
1755283514926579840,XYZ,100.0800,100.0900,100,100
1755283514926679840,XYZ,100.0850,100.0950,100,100
1755283514926779840,XYZ,100.0900,100.1000,100,100
1755283514926879840,XYZ,100.0950,100.1050,100,100
1755283514926979840,XYZ,100.0000,100.0100,100,100
1755283514927079840,XYZ,100.0050,100.0150,100,100
1755283514927179840,XYZ,100.0100,100.0200,100,100
1755283514927279840,XYZ,100.0150,100.0250,100,100
1755283514927379840,XYZ,100.0200,100.0300,100,100
1755283514927479840,XYZ,100.0250,100.0350,100,100
1755283514927579840,XYZ,100.0300,100.0400,100,100
1755283514927679840,XYZ,100.0350,100.0450,100,100
1755283514927779840,XYZ,100.0400,100.0500,100,100
1755283514927879840,XYZ,100.0450,100.0550,100,100
1755283514927979840,XYZ,100.0500,100.0600,100,100
1755283514928079840,XYZ,100.0550,100.0650,100,100
1755283514928179840,XYZ,100.0600,100.0700,100,100
1755283514928279840,XYZ,100.0650,100.0750,100,100
1755283514928379840,XYZ,100.0700,100.0800,100,100
1755283514928479840,XYZ,100.0750,100.0850,100,100
1755283514928579840,XYZ,100.0800,100.0900,100,100
1755283514928679840,XYZ,100.0850,100.0950,100,100
1755283514928779840,XYZ,100.0900,100.1000,100,100
1755283514928879840,XYZ,100.0950,100.1050,100,100
1755283514928979840,XYZ,100.0000,100.0100,100,100
1755283514929079840,XYZ,100.0050,100.0150,100,100
1755283514929179840,XYZ,100.0100,100.0200,100,100
1755283514929279840,XYZ,100.0150,100.0250,100,100
1755283514929379840,XYZ,100.0200,100.0300,100,100
1755283514929479840,XYZ,100.0250,100.0350,100,100
1755283514929579840,XYZ,100.0300,100.0400,100,100
1755283514929679840,XYZ,100.0350,100.0450,100,100
1755283514929779840,XYZ,100.0400,100.0500,100,100
1755283514929879840,XYZ,100.0450,100.0550,100,100
1755283514929979840,XYZ,100.0500,100.0600,100,100
1755283514930079840,XYZ,100.0550,100.0650,100,100
1755283514930179840,XYZ,100.0600,100.0700,100,100
1755283514930279840,XYZ,100.0650,100.0750,100,100
1755283514930379840,XYZ,100.0700,100.0800,100,100
1755283514930479840,XYZ,100.0750,100.0850,100,100
1755283514930579840,XYZ,100.0800,100.0900,100,100
1755283514930679840,XYZ,100.0850,100.0950,100,100
1755283514930779840,XYZ,100.0900,100.1000,100,100
1755283514930879840,XYZ,100.0950,100.1050,100,100
1755283514930979840,XYZ,100.0000,100.0100,100,100
1755283514931079840,XYZ,100.0050,100.0150,100,100
1755283514931179840,XYZ,100.0100,100.0200,100,100
1755283514931279840,XYZ,100.0150,100.0250,100,100
1755283514931379840,XYZ,100.0200,100.0300,100,100
1755283514931479840,XYZ,100.0250,100.0350,100,100
1755283514931579840,XYZ,100.0300,100.0400,100,100
1755283514931679840,XYZ,100.0350,100.0450,100,100
1755283514931779840,XYZ,100.0400,100.0500,100,100
1755283514931879840,XYZ,100.0450,100.0550,100,100
1755283514931979840,XYZ,100.0500,100.0600,100,100
1755283514932079840,XYZ,100.0550,100.0650,100,100
1755283514932179840,XYZ,100.0600,100.0700,100,100
1755283514932279840,XYZ,100.0650,100.0750,100,100
1755283514932379840,XYZ,100.0700,100.0800,100,100
1755283514932479840,XYZ,100.0750,100.0850,100,100
1755283514932579840,XYZ,100.0800,100.0900,100,100
1755283514932679840,XYZ,100.0850,100.0950,100,100
1755283514932779840,XYZ,100.0900,100.1000,100,100
1755283514932879840,XYZ,100.0950,100.1050,100,100
1755283514932979840,XYZ,100.0000,100.0100,100,100
1755283514933079840,XYZ,100.0050,100.0150,100,100
1755283514933179840,XYZ,100.0100,100.0200,100,100
1755283514933279840,XYZ,100.0150,100.0250,100,100
1755283514933379840,XYZ,100.0200,100.0300,100,100
1755283514933479840,XYZ,100.0250,100.0350,100,100
1755283514933579840,XYZ,100.0300,100.0400,100,100
1755283514933679840,XYZ,100.0350,100.0450,100,100
1755283514933779840,XYZ,100.0400,100.0500,100,100
1755283514933879840,XYZ,100.0450,100.0550,100,100
1755283514933979840,XYZ,100.0500,100.0600,100,100
1755283514934079840,XYZ,100.0550,100.0650,100,100
1755283514934179840,XYZ,100.0600,100.0700,100,100
1755283514934279840,XYZ,100.0650,100.0750,100,100
1755283514934379840,XYZ,100.0700,100.0800,100,100
1755283514934479840,XYZ,100.0750,100.0850,100,100
1755283514934579840,XYZ,100.0800,100.0900,100,100
1755283514934679840,XYZ,100.0850,100.0950,100,100
1755283514934779840,XYZ,100.0900,100.1000,100,100
1755283514934879840,XYZ,100.0950,100.1050,100,100
1755283514934979840,XYZ,100.0000,100.0100,100,100
1755283514935079840,XYZ,100.0050,100.0150,100,100
1755283514935179840,XYZ,100.0100,100.0200,100,100
1755283514935279840,XYZ,100.0150,100.0250,100,100
1755283514935379840,XYZ,100.0200,100.0300,100,100
1755283514935479840,XYZ,100.0250,100.0350,100,100
1755283514935579840,XYZ,100.0300,100.0400,100,100
1755283514935679840,XYZ,100.0350,100.0450,100,100
1755283514935779840,XYZ,100.0400,100.0500,100,100
1755283514935879840,XYZ,100.0450,100.0550,100,100
1755283514935979840,XYZ,100.0500,100.0600,100,100
1755283514936079840,XYZ,100.0550,100.0650,100,100
1755283514936179840,XYZ,100.0600,100.0700,100,100
1755283514936279840,XYZ,100.0650,100.0750,100,100
1755283514936379840,XYZ,100.0700,100.0800,100,100
1755283514936479840,XYZ,100.0750,100.0850,100,100
1755283514936579840,XYZ,100.0800,100.0900,100,100
1755283514936679840,XYZ,100.0850,100.0950,100,100
1755283514936779840,XYZ,100.0900,100.1000,100,100
1755283514936879840,XYZ,100.0950,100.1050,100,100
1755283514936979840,XYZ,100.0000,100.0100,100,100
1755283514937079840,XYZ,100.0050,100.0150,100,100
1755283514937179840,XYZ,100.0100,100.0200,100,100
1755283514937279840,XYZ,100.0150,100.0250,100,100
1755283514937379840,XYZ,100.0200,100.0300,100,100
1755283514937479840,XYZ,100.0250,100.0350,100,100
1755283514937579840,XYZ,100.0300,100.0400,100,100
1755283514937679840,XYZ,100.0350,100.0450,100,100
1755283514937779840,XYZ,100.0400,100.0500,100,100
1755283514937879840,XYZ,100.0450,100.0550,100,100
1755283514937979840,XYZ,100.0500,100.0600,100,100
1755283514938079840,XYZ,100.0550,100.0650,100,100
1755283514938179840,XYZ,100.0600,100.0700,100,100
1755283514938279840,XYZ,100.0650,100.0750,100,100
1755283514938379840,XYZ,100.0700,100.0800,100,100
1755283514938479840,XYZ,100.0750,100.0850,100,100
1755283514938579840,XYZ,100.0800,100.0900,100,100
1755283514938679840,XYZ,100.0850,100.0950,100,100
1755283514938779840,XYZ,100.0900,100.1000,100,100
1755283514938879840,XYZ,100.0950,100.1050,100,100
1755283514938979840,XYZ,100.0000,100.0100,100,100
1755283514939079840,XYZ,100.0050,100.0150,100,100
1755283514939179840,XYZ,100.0100,100.0200,100,100
1755283514939279840,XYZ,100.0150,100.0250,100,100
1755283514939379840,XYZ,100.0200,100.0300,100,100
1755283514939479840,XYZ,100.0250,100.0350,100,100
1755283514939579840,XYZ,100.0300,100.0400,100,100
1755283514939679840,XYZ,100.0350,100.0450,100,100
1755283514939779840,XYZ,100.0400,100.0500,100,100
1755283514939879840,XYZ,100.0450,100.0550,100,100
1755283514939979840,XYZ,100.0500,100.0600,100,100
1755283514940079840,XYZ,100.0550,100.0650,100,100
1755283514940179840,XYZ,100.0600,100.0700,100,100
1755283514940279840,XYZ,100.0650,100.0750,100,100
1755283514940379840,XYZ,100.0700,100.0800,100,100
1755283514940479840,XYZ,100.0750,100.0850,100,100
1755283514940579840,XYZ,100.0800,100.0900,100,100
1755283514940679840,XYZ,100.0850,100.0950,100,100
1755283514940779840,XYZ,100.0900,100.1000,100,100
1755283514940879840,XYZ,100.0950,100.1050,100,100
1755283514940979840,XYZ,100.0000,100.0100,100,100
1755283514941079840,XYZ,100.0050,100.0150,100,100
1755283514941179840,XYZ,100.0100,100.0200,100,100
1755283514941279840,XYZ,100.0150,100.0250,100,100
1755283514941379840,XYZ,100.0200,100.0300,100,100
1755283514941479840,XYZ,100.0250,100.0350,100,100
1755283514941579840,XYZ,100.0300,100.0400,100,100
1755283514941679840,XYZ,100.0350,100.0450,100,100
1755283514941779840,XYZ,100.0400,100.0500,100,100
1755283514941879840,XYZ,100.0450,100.0550,100,100
1755283514941979840,XYZ,100.0500,100.0600,100,100
1755283514942079840,XYZ,100.0550,100.0650,100,100
1755283514942179840,XYZ,100.0600,100.0700,100,100
1755283514942279840,XYZ,100.0650,100.0750,100,100
1755283514942379840,XYZ,100.0700,100.0800,100,100
1755283514942479840,XYZ,100.0750,100.0850,100,100
1755283514942579840,XYZ,100.0800,100.0900,100,100
1755283514942679840,XYZ,100.0850,100.0950,100,100
1755283514942779840,XYZ,100.0900,100.1000,100,100
1755283514942879840,XYZ,100.0950,100.1050,100,100
1755283514942979840,XYZ,100.0000,100.0100,100,100
1755283514943079840,XYZ,100.0050,100.0150,100,100
1755283514943179840,XYZ,100.0100,100.0200,100,100
1755283514943279840,XYZ,100.0150,100.0250,100,100
1755283514943379840,XYZ,100.0200,100.0300,100,100
1755283514943479840,XYZ,100.0250,100.0350,100,100
1755283514943579840,XYZ,100.0300,100.0400,100,100
1755283514943679840,XYZ,100.0350,100.0450,100,100
1755283514943779840,XYZ,100.0400,100.0500,100,100
1755283514943879840,XYZ,100.0450,100.0550,100,100
1755283514943979840,XYZ,100.0500,100.0600,100,100
1755283514944079840,XYZ,100.0550,100.0650,100,100
1755283514944179840,XYZ,100.0600,100.0700,100,100
1755283514944279840,XYZ,100.0650,100.0750,100,100
1755283514944379840,XYZ,100.0700,100.0800,100,100
1755283514944479840,XYZ,100.0750,100.0850,100,100
1755283514944579840,XYZ,100.0800,100.0900,100,100
1755283514944679840,XYZ,100.0850,100.0950,100,100
1755283514944779840,XYZ,100.0900,100.1000,100,100
1755283514944879840,XYZ,100.0950,100.1050,100,100
1755283514944979840,XYZ,100.0000,100.0100,100,100
1755283514945079840,XYZ,100.0050,100.0150,100,100
1755283514945179840,XYZ,100.0100,100.0200,100,100
1755283514945279840,XYZ,100.0150,100.0250,100,100
1755283514945379840,XYZ,100.0200,100.0300,100,100
1755283514945479840,XYZ,100.0250,100.0350,100,100
1755283514945579840,XYZ,100.0300,100.0400,100,100
1755283514945679840,XYZ,100.0350,100.0450,100,100
1755283514945779840,XYZ,100.0400,100.0500,100,100
1755283514945879840,XYZ,100.0450,100.0550,100,100
1755283514945979840,XYZ,100.0500,100.0600,100,100
1755283514946079840,XYZ,100.0550,100.0650,100,100
1755283514946179840,XYZ,100.0600,100.0700,100,100
1755283514946279840,XYZ,100.0650,100.0750,100,100
1755283514946379840,XYZ,100.0700,100.0800,100,100
1755283514946479840,XYZ,100.0750,100.0850,100,100
1755283514946579840,XYZ,100.0800,100.0900,100,100
1755283514946679840,XYZ,100.0850,100.0950,100,100
1755283514946779840,XYZ,100.0900,100.1000,100,100
1755283514946879840,XYZ,100.0950,100.1050,100,100
1755283514946979840,XYZ,100.0000,100.0100,100,100
1755283514947079840,XYZ,100.0050,100.0150,100,100
1755283514947179840,XYZ,100.0100,100.0200,100,100
1755283514947279840,XYZ,100.0150,100.0250,100,100
1755283514947379840,XYZ,100.0200,100.0300,100,100
1755283514947479840,XYZ,100.0250,100.0350,100,100
1755283514947579840,XYZ,100.0300,100.0400,100,100
1755283514947679840,XYZ,100.0350,100.0450,100,100
1755283514947779840,XYZ,100.0400,100.0500,100,100
1755283514947879840,XYZ,100.0450,100.0550,100,100
1755283514947979840,XYZ,100.0500,100.0600,100,100
1755283514948079840,XYZ,100.0550,100.0650,100,100
1755283514948179840,XYZ,100.0600,100.0700,100,100
1755283514948279840,XYZ,100.0650,100.0750,100,100
1755283514948379840,XYZ,100.0700,100.0800,100,100
1755283514948479840,XYZ,100.0750,100.0850,100,100
1755283514948579840,XYZ,100.0800,100.0900,100,100
1755283514948679840,XYZ,100.0850,100.0950,100,100
1755283514948779840,XYZ,100.0900,100.1000,100,100
1755283514948879840,XYZ,100.0950,100.1050,100,100
1755283514948979840,XYZ,100.0000,100.0100,100,100
1755283514949079840,XYZ,100.0050,100.0150,100,100
1755283514949179840,XYZ,100.0100,100.0200,100,100
1755283514949279840,XYZ,100.0150,100.0250,100,100
1755283514949379840,XYZ,100.0200,100.0300,100,100
1755283514949479840,XYZ,100.0250,100.0350,100,100
1755283514949579840,XYZ,100.0300,100.0400,100,100
1755283514949679840,XYZ,100.0350,100.0450,100,100
1755283514949779840,XYZ,100.0400,100.0500,100,100
1755283514949879840,XYZ,100.0450,100.0550,100,100
1755283514949979840,XYZ,100.0500,100.0600,100,100
1755283514950079840,XYZ,100.0550,100.0650,100,100
1755283514950179840,XYZ,100.0600,100.0700,100,100
1755283514950279840,XYZ,100.0650,100.0750,100,100
1755283514950379840,XYZ,100.0700,100.0800,100,100
1755283514950479840,XYZ,100.0750,100.0850,100,100
1755283514950579840,XYZ,100.0800,100.0900,100,100
1755283514950679840,XYZ,100.0850,100.0950,100,100
1755283514950779840,XYZ,100.0900,100.1000,100,100
1755283514950879840,XYZ,100.0950,100.1050,100,100
1755283514950979840,XYZ,100.0000,100.0100,100,100
1755283514951079840,XYZ,100.0050,100.0150,100,100
1755283514951179840,XYZ,100.0100,100.0200,100,100
1755283514951279840,XYZ,100.0150,100.0250,100,100
1755283514951379840,XYZ,100.0200,100.0300,100,100
1755283514951479840,XYZ,100.0250,100.0350,100,100
1755283514951579840,XYZ,100.0300,100.0400,100,100
1755283514951679840,XYZ,100.0350,100.0450,100,100
1755283514951779840,XYZ,100.0400,100.0500,100,100
1755283514951879840,XYZ,100.0450,100.0550,100,100
1755283514951979840,XYZ,100.0500,100.0600,100,100
1755283514952079840,XYZ,100.0550,100.0650,100,100
1755283514952179840,XYZ,100.0600,100.0700,100,100
1755283514952279840,XYZ,100.0650,100.0750,100,100
1755283514952379840,XYZ,100.0700,100.0800,100,100
1755283514952479840,XYZ,100.0750,100.0850,100,100
1755283514952579840,XYZ,100.0800,100.0900,100,100
1755283514952679840,XYZ,100.0850,100.0950,100,100
1755283514952779840,XYZ,100.0900,100.1000,100,100
1755283514952879840,XYZ,100.0950,100.1050,100,100
1755283514952979840,XYZ,100.0000,100.0100,100,100
1755283514953079840,XYZ,100.0050,100.0150,100,100
1755283514953179840,XYZ,100.0100,100.0200,100,100
1755283514953279840,XYZ,100.0150,100.0250,100,100
1755283514953379840,XYZ,100.0200,100.0300,100,100
1755283514953479840,XYZ,100.0250,100.0350,100,100
1755283514953579840,XYZ,100.0300,100.0400,100,100
1755283514953679840,XYZ,100.0350,100.0450,100,100
1755283514953779840,XYZ,100.0400,100.0500,100,100
1755283514953879840,XYZ,100.0450,100.0550,100,100
1755283514953979840,XYZ,100.0500,100.0600,100,100
1755283514954079840,XYZ,100.0550,100.0650,100,100
1755283514954179840,XYZ,100.0600,100.0700,100,100
1755283514954279840,XYZ,100.0650,100.0750,100,100
1755283514954379840,XYZ,100.0700,100.0800,100,100
1755283514954479840,XYZ,100.0750,100.0850,100,100
1755283514954579840,XYZ,100.0800,100.0900,100,100
1755283514954679840,XYZ,100.0850,100.0950,100,100
1755283514954779840,XYZ,100.0900,100.1000,100,100
1755283514954879840,XYZ,100.0950,100.1050,100,100
1755283514954979840,XYZ,100.0000,100.0100,100,100
1755283514955079840,XYZ,100.0050,100.0150,100,100
1755283514955179840,XYZ,100.0100,100.0200,100,100
1755283514955279840,XYZ,100.0150,100.0250,100,100
1755283514955379840,XYZ,100.0200,100.0300,100,100
1755283514955479840,XYZ,100.0250,100.0350,100,100
1755283514955579840,XYZ,100.0300,100.0400,100,100
1755283514955679840,XYZ,100.0350,100.0450,100,100
1755283514955779840,XYZ,100.0400,100.0500,100,100
1755283514955879840,XYZ,100.0450,100.0550,100,100
1755283514955979840,XYZ,100.0500,100.0600,100,100
1755283514956079840,XYZ,100.0550,100.0650,100,100
1755283514956179840,XYZ,100.0600,100.0700,100,100
1755283514956279840,XYZ,100.0650,100.0750,100,100
1755283514956379840,XYZ,100.0700,100.0800,100,100
1755283514956479840,XYZ,100.0750,100.0850,100,100
1755283514956579840,XYZ,100.0800,100.0900,100,100
1755283514956679840,XYZ,100.0850,100.0950,100,100
1755283514956779840,XYZ,100.0900,100.1000,100,100
1755283514956879840,XYZ,100.0950,100.1050,100,100
1755283514956979840,XYZ,100.0000,100.0100,100,100
1755283514957079840,XYZ,100.0050,100.0150,100,100
1755283514957179840,XYZ,100.0100,100.0200,100,100
1755283514957279840,XYZ,100.0150,100.0250,100,100
1755283514957379840,XYZ,100.0200,100.0300,100,100
1755283514957479840,XYZ,100.0250,100.0350,100,100
1755283514957579840,XYZ,100.0300,100.0400,100,100
1755283514957679840,XYZ,100.0350,100.0450,100,100
1755283514957779840,XYZ,100.0400,100.0500,100,100
1755283514957879840,XYZ,100.0450,100.0550,100,100
1755283514957979840,XYZ,100.0500,100.0600,100,100
1755283514958079840,XYZ,100.0550,100.0650,100,100
1755283514958179840,XYZ,100.0600,100.0700,100,100
1755283514958279840,XYZ,100.0650,100.0750,100,100
1755283514958379840,XYZ,100.0700,100.0800,100,100
1755283514958479840,XYZ,100.0750,100.0850,100,100
1755283514958579840,XYZ,100.0800,100.0900,100,100
1755283514958679840,XYZ,100.0850,100.0950,100,100
1755283514958779840,XYZ,100.0900,100.1000,100,100
1755283514958879840,XYZ,100.0950,100.1050,100,100
1755283514958979840,XYZ,100.0000,100.0100,100,100
1755283514959079840,XYZ,100.0050,100.0150,100,100
1755283514959179840,XYZ,100.0100,100.0200,100,100
1755283514959279840,XYZ,100.0150,100.0250,100,100
1755283514959379840,XYZ,100.0200,100.0300,100,100
1755283514959479840,XYZ,100.0250,100.0350,100,100
1755283514959579840,XYZ,100.0300,100.0400,100,100
1755283514959679840,XYZ,100.0350,100.0450,100,100
1755283514959779840,XYZ,100.0400,100.0500,100,100
1755283514959879840,XYZ,100.0450,100.0550,100,100
1755283514959979840,XYZ,100.0500,100.0600,100,100
1755283514960079840,XYZ,100.0550,100.0650,100,100
1755283514960179840,XYZ,100.0600,100.0700,100,100
1755283514960279840,XYZ,100.0650,100.0750,100,100
1755283514960379840,XYZ,100.0700,100.0800,100,100
1755283514960479840,XYZ,100.0750,100.0850,100,100
1755283514960579840,XYZ,100.0800,100.0900,100,100
1755283514960679840,XYZ,100.0850,100.0950,100,100
1755283514960779840,XYZ,100.0900,100.1000,100,100
1755283514960879840,XYZ,100.0950,100.1050,100,100
1755283514960979840,XYZ,100.0000,100.0100,100,100
1755283514961079840,XYZ,100.0050,100.0150,100,100
1755283514961179840,XYZ,100.0100,100.0200,100,100
1755283514961279840,XYZ,100.0150,100.0250,100,100
1755283514961379840,XYZ,100.0200,100.0300,100,100
1755283514961479840,XYZ,100.0250,100.0350,100,100
1755283514961579840,XYZ,100.0300,100.0400,100,100
1755283514961679840,XYZ,100.0350,100.0450,100,100
1755283514961779840,XYZ,100.0400,100.0500,100,100
1755283514961879840,XYZ,100.0450,100.0550,100,100
1755283514961979840,XYZ,100.0500,100.0600,100,100
1755283514962079840,XYZ,100.0550,100.0650,100,100
1755283514962179840,XYZ,100.0600,100.0700,100,100
1755283514962279840,XYZ,100.0650,100.0750,100,100
1755283514962379840,XYZ,100.0700,100.0800,100,100
1755283514962479840,XYZ,100.0750,100.0850,100,100
1755283514962579840,XYZ,100.0800,100.0900,100,100
1755283514962679840,XYZ,100.0850,100.0950,100,100
1755283514962779840,XYZ,100.0900,100.1000,100,100
1755283514962879840,XYZ,100.0950,100.1050,100,100
1755283514962979840,XYZ,100.0000,100.0100,100,100
1755283514963079840,XYZ,100.0050,100.0150,100,100
1755283514963179840,XYZ,100.0100,100.0200,100,100
1755283514963279840,XYZ,100.0150,100.0250,100,100
1755283514963379840,XYZ,100.0200,100.0300,100,100
1755283514963479840,XYZ,100.0250,100.0350,100,100
1755283514963579840,XYZ,100.0300,100.0400,100,100
1755283514963679840,XYZ,100.0350,100.0450,100,100
1755283514963779840,XYZ,100.0400,100.0500,100,100
1755283514963879840,XYZ,100.0450,100.0550,100,100
1755283514963979840,XYZ,100.0500,100.0600,100,100
1755283514964079840,XYZ,100.0550,100.0650,100,100
1755283514964179840,XYZ,100.0600,100.0700,100,100
1755283514964279840,XYZ,100.0650,100.0750,100,100
1755283514964379840,XYZ,100.0700,100.0800,100,100
1755283514964479840,XYZ,100.0750,100.0850,100,100
1755283514964579840,XYZ,100.0800,100.0900,100,100
1755283514964679840,XYZ,100.0850,100.0950,100,100
1755283514964779840,XYZ,100.0900,100.1000,100,100
1755283514964879840,XYZ,100.0950,100.1050,100,100
1755283514964979840,XYZ,100.0000,100.0100,100,100
1755283514965079840,XYZ,100.0050,100.0150,100,100
1755283514965179840,XYZ,100.0100,100.0200,100,100
1755283514965279840,XYZ,100.0150,100.0250,100,100
1755283514965379840,XYZ,100.0200,100.0300,100,100
1755283514965479840,XYZ,100.0250,100.0350,100,100
1755283514965579840,XYZ,100.0300,100.0400,100,100
1755283514965679840,XYZ,100.0350,100.0450,100,100
1755283514965779840,XYZ,100.0400,100.0500,100,100
1755283514965879840,XYZ,100.0450,100.0550,100,100
1755283514965979840,XYZ,100.0500,100.0600,100,100
1755283514966079840,XYZ,100.0550,100.0650,100,100
1755283514966179840,XYZ,100.0600,100.0700,100,100
1755283514966279840,XYZ,100.0650,100.0750,100,100
1755283514966379840,XYZ,100.0700,100.0800,100,100
1755283514966479840,XYZ,100.0750,100.0850,100,100
1755283514966579840,XYZ,100.0800,100.0900,100,100
1755283514966679840,XYZ,100.0850,100.0950,100,100
1755283514966779840,XYZ,100.0900,100.1000,100,100
1755283514966879840,XYZ,100.0950,100.1050,100,100
1755283514966979840,XYZ,100.0000,100.0100,100,100
1755283514967079840,XYZ,100.0050,100.0150,100,100
1755283514967179840,XYZ,100.0100,100.0200,100,100
1755283514967279840,XYZ,100.0150,100.0250,100,100
1755283514967379840,XYZ,100.0200,100.0300,100,100
1755283514967479840,XYZ,100.0250,100.0350,100,100
1755283514967579840,XYZ,100.0300,100.0400,100,100
1755283514967679840,XYZ,100.0350,100.0450,100,100
1755283514967779840,XYZ,100.0400,100.0500,100,100
1755283514967879840,XYZ,100.0450,100.0550,100,100
1755283514967979840,XYZ,100.0500,100.0600,100,100
1755283514968079840,XYZ,100.0550,100.0650,100,100
1755283514968179840,XYZ,100.0600,100.0700,100,100
1755283514968279840,XYZ,100.0650,100.0750,100,100
1755283514968379840,XYZ,100.0700,100.0800,100,100
1755283514968479840,XYZ,100.0750,100.0850,100,100
1755283514968579840,XYZ,100.0800,100.0900,100,100
1755283514968679840,XYZ,100.0850,100.0950,100,100
1755283514968779840,XYZ,100.0900,100.1000,100,100
1755283514968879840,XYZ,100.0950,100.1050,100,100
1755283514968979840,XYZ,100.0000,100.0100,100,100
1755283514969079840,XYZ,100.0050,100.0150,100,100
1755283514969179840,XYZ,100.0100,100.0200,100,100
1755283514969279840,XYZ,100.0150,100.0250,100,100
1755283514969379840,XYZ,100.0200,100.0300,100,100
1755283514969479840,XYZ,100.0250,100.0350,100,100
1755283514969579840,XYZ,100.0300,100.0400,100,100
1755283514969679840,XYZ,100.0350,100.0450,100,100
1755283514969779840,XYZ,100.0400,100.0500,100,100
1755283514969879840,XYZ,100.0450,100.0550,100,100
1755283514969979840,XYZ,100.0500,100.0600,100,100
1755283514970079840,XYZ,100.0550,100.0650,100,100
1755283514970179840,XYZ,100.0600,100.0700,100,100
1755283514970279840,XYZ,100.0650,100.0750,100,100
1755283514970379840,XYZ,100.0700,100.0800,100,100
1755283514970479840,XYZ,100.0750,100.0850,100,100
1755283514970579840,XYZ,100.0800,100.0900,100,100
1755283514970679840,XYZ,100.0850,100.0950,100,100
1755283514970779840,XYZ,100.0900,100.1000,100,100
1755283514970879840,XYZ,100.0950,100.1050,100,100
1755283514970979840,XYZ,100.0000,100.0100,100,100
1755283514971079840,XYZ,100.0050,100.0150,100,100
1755283514971179840,XYZ,100.0100,100.0200,100,100
1755283514971279840,XYZ,100.0150,100.0250,100,100
1755283514971379840,XYZ,100.0200,100.0300,100,100
1755283514971479840,XYZ,100.0250,100.0350,100,100
1755283514971579840,XYZ,100.0300,100.0400,100,100
1755283514971679840,XYZ,100.0350,100.0450,100,100
1755283514971779840,XYZ,100.0400,100.0500,100,100
1755283514971879840,XYZ,100.0450,100.0550,100,100
1755283514971979840,XYZ,100.0500,100.0600,100,100
1755283514972079840,XYZ,100.0550,100.0650,100,100
1755283514972179840,XYZ,100.0600,100.0700,100,100
1755283514972279840,XYZ,100.0650,100.0750,100,100
1755283514972379840,XYZ,100.0700,100.0800,100,100
1755283514972479840,XYZ,100.0750,100.0850,100,100
1755283514972579840,XYZ,100.0800,100.0900,100,100
1755283514972679840,XYZ,100.0850,100.0950,100,100
1755283514972779840,XYZ,100.0900,100.1000,100,100
1755283514972879840,XYZ,100.0950,100.1050,100,100
1755283514972979840,XYZ,100.0000,100.0100,100,100
1755283514973079840,XYZ,100.0050,100.0150,100,100
1755283514973179840,XYZ,100.0100,100.0200,100,100
1755283514973279840,XYZ,100.0150,100.0250,100,100
1755283514973379840,XYZ,100.0200,100.0300,100,100
1755283514973479840,XYZ,100.0250,100.0350,100,100
1755283514973579840,XYZ,100.0300,100.0400,100,100
1755283514973679840,XYZ,100.0350,100.0450,100,100
1755283514973779840,XYZ,100.0400,100.0500,100,100
1755283514973879840,XYZ,100.0450,100.0550,100,100
1755283514973979840,XYZ,100.0500,100.0600,100,100
1755283514974079840,XYZ,100.0550,100.0650,100,100
1755283514974179840,XYZ,100.0600,100.0700,100,100
1755283514974279840,XYZ,100.0650,100.0750,100,100
1755283514974379840,XYZ,100.0700,100.0800,100,100
1755283514974479840,XYZ,100.0750,100.0850,100,100
1755283514974579840,XYZ,100.0800,100.0900,100,100
1755283514974679840,XYZ,100.0850,100.0950,100,100
1755283514974779840,XYZ,100.0900,100.1000,100,100
1755283514974879840,XYZ,100.0950,100.1050,100,100
1755283514974979840,XYZ,100.0000,100.0100,100,100
1755283514975079840,XYZ,100.0050,100.0150,100,100
1755283514975179840,XYZ,100.0100,100.0200,100,100
1755283514975279840,XYZ,100.0150,100.0250,100,100
1755283514975379840,XYZ,100.0200,100.0300,100,100
1755283514975479840,XYZ,100.0250,100.0350,100,100
1755283514975579840,XYZ,100.0300,100.0400,100,100
1755283514975679840,XYZ,100.0350,100.0450,100,100
1755283514975779840,XYZ,100.0400,100.0500,100,100
1755283514975879840,XYZ,100.0450,100.0550,100,100
1755283514975979840,XYZ,100.0500,100.0600,100,100
1755283514976079840,XYZ,100.0550,100.0650,100,100
1755283514976179840,XYZ,100.0600,100.0700,100,100
1755283514976279840,XYZ,100.0650,100.0750,100,100
1755283514976379840,XYZ,100.0700,100.0800,100,100
1755283514976479840,XYZ,100.0750,100.0850,100,100
1755283514976579840,XYZ,100.0800,100.0900,100,100
1755283514976679840,XYZ,100.0850,100.0950,100,100
1755283514976779840,XYZ,100.0900,100.1000,100,100
1755283514976879840,XYZ,100.0950,100.1050,100,100
1755283514976979840,XYZ,100.0000,100.0100,100,100
1755283514977079840,XYZ,100.0050,100.0150,100,100
1755283514977179840,XYZ,100.0100,100.0200,100,100
1755283514977279840,XYZ,100.0150,100.0250,100,100
1755283514977379840,XYZ,100.0200,100.0300,100,100
1755283514977479840,XYZ,100.0250,100.0350,100,100
1755283514977579840,XYZ,100.0300,100.0400,100,100
1755283514977679840,XYZ,100.0350,100.0450,100,100
1755283514977779840,XYZ,100.0400,100.0500,100,100
1755283514977879840,XYZ,100.0450,100.0550,100,100
1755283514977979840,XYZ,100.0500,100.0600,100,100
1755283514978079840,XYZ,100.0550,100.0650,100,100
1755283514978179840,XYZ,100.0600,100.0700,100,100
1755283514978279840,XYZ,100.0650,100.0750,100,100
1755283514978379840,XYZ,100.0700,100.0800,100,100
1755283514978479840,XYZ,100.0750,100.0850,100,100
1755283514978579840,XYZ,100.0800,100.0900,100,100
1755283514978679840,XYZ,100.0850,100.0950,100,100
1755283514978779840,XYZ,100.0900,100.1000,100,100
1755283514978879840,XYZ,100.0950,100.1050,100,100
1755283514978979840,XYZ,100.0000,100.0100,100,100
1755283514979079840,XYZ,100.0050,100.0150,100,100
1755283514979179840,XYZ,100.0100,100.0200,100,100
1755283514979279840,XYZ,100.0150,100.0250,100,100
1755283514979379840,XYZ,100.0200,100.0300,100,100
1755283514979479840,XYZ,100.0250,100.0350,100,100
1755283514979579840,XYZ,100.0300,100.0400,100,100
1755283514979679840,XYZ,100.0350,100.0450,100,100
1755283514979779840,XYZ,100.0400,100.0500,100,100
1755283514979879840,XYZ,100.0450,100.0550,100,100
1755283514979979840,XYZ,100.0500,100.0600,100,100
1755283514980079840,XYZ,100.0550,100.0650,100,100
1755283514980179840,XYZ,100.0600,100.0700,100,100
1755283514980279840,XYZ,100.0650,100.0750,100,100
1755283514980379840,XYZ,100.0700,100.0800,100,100
1755283514980479840,XYZ,100.0750,100.0850,100,100
1755283514980579840,XYZ,100.0800,100.0900,100,100
1755283514980679840,XYZ,100.0850,100.0950,100,100
1755283514980779840,XYZ,100.0900,100.1000,100,100
1755283514980879840,XYZ,100.0950,100.1050,100,100
1755283514980979840,XYZ,100.0000,100.0100,100,100
1755283514981079840,XYZ,100.0050,100.0150,100,100
1755283514981179840,XYZ,100.0100,100.0200,100,100
1755283514981279840,XYZ,100.0150,100.0250,100,100
1755283514981379840,XYZ,100.0200,100.0300,100,100
1755283514981479840,XYZ,100.0250,100.0350,100,100
1755283514981579840,XYZ,100.0300,100.0400,100,100
1755283514981679840,XYZ,100.0350,100.0450,100,100
1755283514981779840,XYZ,100.0400,100.0500,100,100
1755283514981879840,XYZ,100.0450,100.0550,100,100
1755283514981979840,XYZ,100.0500,100.0600,100,100
1755283514982079840,XYZ,100.0550,100.0650,100,100
1755283514982179840,XYZ,100.0600,100.0700,100,100
1755283514982279840,XYZ,100.0650,100.0750,100,100
1755283514982379840,XYZ,100.0700,100.0800,100,100
1755283514982479840,XYZ,100.0750,100.0850,100,100
1755283514982579840,XYZ,100.0800,100.0900,100,100
1755283514982679840,XYZ,100.0850,100.0950,100,100
1755283514982779840,XYZ,100.0900,100.1000,100,100
1755283514982879840,XYZ,100.0950,100.1050,100,100
1755283514982979840,XYZ,100.0000,100.0100,100,100
1755283514983079840,XYZ,100.0050,100.0150,100,100
1755283514983179840,XYZ,100.0100,100.0200,100,100
1755283514983279840,XYZ,100.0150,100.0250,100,100
1755283514983379840,XYZ,100.0200,100.0300,100,100
1755283514983479840,XYZ,100.0250,100.0350,100,100
1755283514983579840,XYZ,100.0300,100.0400,100,100
1755283514983679840,XYZ,100.0350,100.0450,100,100
1755283514983779840,XYZ,100.0400,100.0500,100,100
1755283514983879840,XYZ,100.0450,100.0550,100,100
1755283514983979840,XYZ,100.0500,100.0600,100,100
1755283514984079840,XYZ,100.0550,100.0650,100,100
1755283514984179840,XYZ,100.0600,100.0700,100,100
1755283514984279840,XYZ,100.0650,100.0750,100,100
1755283514984379840,XYZ,100.0700,100.0800,100,100
1755283514984479840,XYZ,100.0750,100.0850,100,100
1755283514984579840,XYZ,100.0800,100.0900,100,100
1755283514984679840,XYZ,100.0850,100.0950,100,100
1755283514984779840,XYZ,100.0900,100.1000,100,100
1755283514984879840,XYZ,100.0950,100.1050,100,100
1755283514984979840,XYZ,100.0000,100.0100,100,100
1755283514985079840,XYZ,100.0050,100.0150,100,100
1755283514985179840,XYZ,100.0100,100.0200,100,100
1755283514985279840,XYZ,100.0150,100.0250,100,100
1755283514985379840,XYZ,100.0200,100.0300,100,100
1755283514985479840,XYZ,100.0250,100.0350,100,100
1755283514985579840,XYZ,100.0300,100.0400,100,100
1755283514985679840,XYZ,100.0350,100.0450,100,100
1755283514985779840,XYZ,100.0400,100.0500,100,100
1755283514985879840,XYZ,100.0450,100.0550,100,100
1755283514985979840,XYZ,100.0500,100.0600,100,100
1755283514986079840,XYZ,100.0550,100.0650,100,100
1755283514986179840,XYZ,100.0600,100.0700,100,100
1755283514986279840,XYZ,100.0650,100.0750,100,100
1755283514986379840,XYZ,100.0700,100.0800,100,100
1755283514986479840,XYZ,100.0750,100.0850,100,100
1755283514986579840,XYZ,100.0800,100.0900,100,100
1755283514986679840,XYZ,100.0850,100.0950,100,100
1755283514986779840,XYZ,100.0900,100.1000,100,100
1755283514986879840,XYZ,100.0950,100.1050,100,100
1755283514986979840,XYZ,100.0000,100.0100,100,100
1755283514987079840,XYZ,100.0050,100.0150,100,100
1755283514987179840,XYZ,100.0100,100.0200,100,100
1755283514987279840,XYZ,100.0150,100.0250,100,100
1755283514987379840,XYZ,100.0200,100.0300,100,100
1755283514987479840,XYZ,100.0250,100.0350,100,100
1755283514987579840,XYZ,100.0300,100.0400,100,100
1755283514987679840,XYZ,100.0350,100.0450,100,100
1755283514987779840,XYZ,100.0400,100.0500,100,100
1755283514987879840,XYZ,100.0450,100.0550,100,100
1755283514987979840,XYZ,100.0500,100.0600,100,100
1755283514988079840,XYZ,100.0550,100.0650,100,100
1755283514988179840,XYZ,100.0600,100.0700,100,100
1755283514988279840,XYZ,100.0650,100.0750,100,100
1755283514988379840,XYZ,100.0700,100.0800,100,100
1755283514988479840,XYZ,100.0750,100.0850,100,100
1755283514988579840,XYZ,100.0800,100.0900,100,100
1755283514988679840,XYZ,100.0850,100.0950,100,100
1755283514988779840,XYZ,100.0900,100.1000,100,100
1755283514988879840,XYZ,100.0950,100.1050,100,100
1755283514988979840,XYZ,100.0000,100.0100,100,100
1755283514989079840,XYZ,100.0050,100.0150,100,100
1755283514989179840,XYZ,100.0100,100.0200,100,100
1755283514989279840,XYZ,100.0150,100.0250,100,100
1755283514989379840,XYZ,100.0200,100.0300,100,100
1755283514989479840,XYZ,100.0250,100.0350,100,100
1755283514989579840,XYZ,100.0300,100.0400,100,100
1755283514989679840,XYZ,100.0350,100.0450,100,100
1755283514989779840,XYZ,100.0400,100.0500,100,100
1755283514989879840,XYZ,100.0450,100.0550,100,100
1755283514989979840,XYZ,100.0500,100.0600,100,100
1755283514990079840,XYZ,100.0550,100.0650,100,100
1755283514990179840,XYZ,100.0600,100.0700,100,100
1755283514990279840,XYZ,100.0650,100.0750,100,100
1755283514990379840,XYZ,100.0700,100.0800,100,100
1755283514990479840,XYZ,100.0750,100.0850,100,100
1755283514990579840,XYZ,100.0800,100.0900,100,100
1755283514990679840,XYZ,100.0850,100.0950,100,100
1755283514990779840,XYZ,100.0900,100.1000,100,100
1755283514990879840,XYZ,100.0950,100.1050,100,100
